ga_codearticle;ga_libelle;ga_familleniv1;Fermé
U021;TRIEUR 12 COMPARTIMENTS;0;0
D045;GRAND COFFRET CHOCOLATE;16;0
ZZ_C036BEI;TORCHON COTON BEIGE LOT DE 3;4;1
A170J;MANCHE FIBRE VERRE JAUNE 1.40;1;0
A147;MANCHE TELESCOPIQUE A VIS;1;0
A145;MANCHE SIMPLE VERNIS A VIS;1;0
A170B;MANCHE FIBRE DE VERRE BLEU;1;0
A170C;MANCHE FIBRE DE VERRE CRISTAL;1;0
ZZ_C036BLE;TORCHON COTON BLEU LOT DE 3;4;1
F051;5 BLOCS A5 PTS CARR.SANS COUV.;7;0
SVC004;"MAIL SERVICE PUBLIC ""NOUS SOUTENONS LE HANDICAP VISUEL""";7;0
A205C;MANCHE COURBE POUR PELLE DE CHANTIER;1;0
A090;MANCHE ALIMENTAIRE 1.40 ML;1;0
A078;BALAI METALLIQUE 30 CM;1;0
A173B;BALAI FIBRE POLYES BLEU 29CM;1;0
A173C;BALAI FIBRE POLYSTER CRYSTAL;1;0
A174J;BALAI FIBRE POLYEST JAUNE 38CM;1;0
A174R;BALAI POLYESTER ROUGE 38CM;1;0
A155;BROSSE METALLIQUE;1;0
A156;BROSSE METALLIQUE AVEC MANCHE;1;0
A008;LAVE-PONT LORRAIN MEXYL;1;0
A035;GOUPILLON COURBE;1;0
A036;GOUPILLON BOUTEILLE;1;0
A092;"RECHARGE 5 ROULEAU A PEINTURE ""PATTE DE LAPIN"" 10 CM";1;0
A093;RACLETTE METALLIQUE POUR CANTONNIER;1;0
A091;"ROULEAU A PEINTURE ""PATTE DE LAPIN"" 10 CM";1;0
A205D;MANCHE DROIT POUR PELLE DE CHANTIER;1;0
C036BEI;LOT DE 3 TORCHONS COTON BEIGE;4;0
A043;MANCHE GALERE 28;1;0
OP078;100 MUGS BAMB./POLYP. 300ML BLEU GR. IMPRIMES;81;1
ZZ_C036ROU;TORCHON COTON ROUGE LOT DE 3;4;1
ZZ_C076BLE;TORCHONS GAUFRES BLEU LOT DE 3;4;1
ZZ_C076ROS;TORCHONS GAUFRES ROSE LOT DE 3;4;1
ZZ_C076VER;TORCHONS GAUFRES VERT LOT DE 3;4;1
A191;RACLETTE BOIS PANS PARALLEPIPE;1;0
C061;SERPILLIERE INTISSE ORANGE LOT DE 2;9;0
A132;BROSSE A ONGLES NYLON BOIS;1;0
C072;TABLIER COTON MARINE SANS BAVETTE;4;0
C071;TABLIER COTON BLANC AVEC BAVETTE;4;0
C073;TABLIER COTON BLANC SANS BAVETTE;4;0
A174V;BALAI FIBRE POLYEST.VERT 38CM;1;0
A121;BALAI PAILLE DE RIZ;1;0
C065;LAVETTE MICRO FIBRE;9;0
C070;TABLIER COTON MARINE AVEC BAVETTE;4;0
C068;SERVIETTE ATELIER 45X80 CM (1);4;0
C001;SERPILLIERE GAUFFREE (2);9;0
C066;TORCHON CHAMOISE;9;0
C036ASS;TORCHONS COTON ASSORTIS LOT DE 3;4;0
C047BLE;TORCHON COTON ROULEAU BLEU;4;0
C047BEI;TORCHON COTON ROULEAU BEIGE;4;0
C036BLE;LOT DE 3 TORCHONS COTON BLEU;4;0
A170V;MANCHE FIBRE DE VERRE VERT;1;0
U033;LOT DE 2 POCHETTES A4 REPOSITIONNABLES DOS MAGNETIQUE ARGENTE;0;0
U032;LOT DE 4 STYLOS FEUTRES PAPER MATE COULEURS VIVES;0;0
U034;LOT DE 2 POCHETTES A4 REPOSITIONNABLES DOS MAGNETIQUE BLEU;0;0
U035;LOT DE 2 POCHETTES A4 REPOSITIONNABLES DOS ADHESIF ARGENTE;0;0
U036;LOT DE 2 POCHETTES A4 REPOSITIONNABLES DOS ADHESIF BLEU;0;0
U025;LOT DE 6 PILES ALCALINE LR03;0;0
U069;LOT DE 100 SACS BIODEGRADABLES VERTS SANS LIENS130L;0;0
U072;LOT DE 50 GOBELETS TRANSPARENTS BIODEGRADABLES 25CL;0;0
U073;LOT DE100 GOBELETS EN CARTON BIODEGRADABLE 10CL;0;0
F074;BOITE ARCHIVES CONTENEUR (1);7;0
CDUO;"LOT ""BAIN"" (1 DRAP BAIN + 1 SERV. INVIT. + 4 GANTS TOIL. + 1 SERV. + 1 TAPIS) (copie)";4;0
ENV2R;ENVELOPPE RECYCLEE 80GR;15;0
CHEPL46;RECHARGE POCHETTES AMOVIB.(10);7;0
ENV24;ENVELOPPE KRAFT ARME SOUFFL.280X375;7;0
ENV30;ENVELOPPE SOUF 229X324 BL 120G;7;0
CHEPL45;PORTE DOCUMENTS AMOVIBLES(1);7;0
ENV36;ENVELOPPE KRAFT ARME 260X380 SOUF.80;7;1
F011;AGRAFEUSE BEBE 8/4;7;0
ENV9R;ENVELOPPE KRAFT RECYCLEE 90GR 229 X 324 MM;15;0
ENV37;ENVELOPPE KRAFT SOUF.FENETRE 229X324;7;0
ENV23;ENVELOPPE KRAFT ARME 275X365;7;0
F081;LOT DE 100 FICHES BRISTOL A4- BLANC PETITS CARREAUX;7;0
F107;LOT DE 20 CARTES DE VOEUX;16;0
F106;LOT DE 20 CARTES DE VOEUX;16;0
F196;MAXI INTERCALAIRE 6 TOUCHES;7;0
HY173E;NETTOYANT DEGRAIS. VITRE 500 ML ECOLO;15;0
HY164;NETTOYANT DESINF.VERVEINE 1L;9;0
HY169;NETTOYANT DEGRAISSANT VITRE 5L;9;0
HY173;NETTOYANT DEGRAIS.VITRE 500 ML;9;0
HY166;NETTOYANT DEGRAIS.ALCALIN 5L;9;0
U057;PANNEAU ROND INTERDICTION DE FUMER ;0;0
F080;LOT DE 100 FICHES BRISTOL A4- ASSORTIS PETIT CARREAUX;7;0
F063;DEFIL'NOTE 6CMX10M;7;0
ENV44;ENVELOPPE ELECTIONS VERT ;7;0
F047;RUBAN ADHESIF HAVANE 50MM X 100M;7;0
F183;CLASSEUR LEVIER VERT DOS 75;7;0
F172;CLASSEUR LEVIER BLEU DOS 50;7;0
F178;CLASSEUR LEVIER DOS DE 80 GRIS;7;0
F185;CLASSEUR LEVIER LAVANDE DOS 75;7;0
F194;INTERCALAIRE ALPHA POLYPRO 20T;7;0
F195;INTERCALAIRE 6 TOUCHES;7;0
F193;INTERCALAIRE CARTE ALPHA 18 T;7;0
F197;INTERCALAIRE POLYPRO 6 TOUCHES;7;0
F175;CLASSEUR LEVIER LAVANDE DOS 50;7;0
ENV33;ENVELOPPE KRAFT SOUFF.260X330;7;0
U045;PANNEAU CARRE SORTIE AVEC HOMME ;0;0
HY006;ROULEAU PAPIER TOILET.180 M;9;0
F420;10 DOSSIERS SUSPENDUS TIROIR V;7;0
U047;PANNEAU RECTANGULAIRE SORTIE DE SECOURS DROITE ;0;0
U056;PANNEAU ROND CASQUE ANTIBRUIT OBLIGATOIRE ;0;0
U055;PANNEAU ROND LUNETTES OBLIGATOIRES;0;0
U064;PANNEAU CARRE PARKING EN MARCHE ARRIERE ;0;0
HY064;CHARLOTTE RONDE BLANCHE (100);9;0
HY003;PAPIER TOILETTE 400 METRES;9;0
F426;10 DOSSIERS SUSP.ARMOIRE FD 15;7;0
HY146;GANT LATEX MENAGE T.S;9;0
HY054;BTE 200 SERV.TABLE 39X39 BLEU;9;0
HY041;DRAP D'EXAMEN BLANC LARG.50;9;0
F408;TAILLE-CRAYON METAL 1 TROU;7;0
HY052;BTE 200 SERV.TABLE 39X39 BLAN.;9;0
HY037;BOBINE BLANCHE 1000 F.24X35CM;9;0
HY022;ESSUIE-TOUT 198 F.DEVID.CTRAL LOT DE 3;9;0
F428;CORBEILLE A PAPIER;7;0
F202;6 POCHETTES DOCUMENTS VERT;7;0
F203ASS;6 CHEMISES A POCHE ASSORTIS;7;0
HY034;BOBINE CHAMOIS 1500 FORMATS;9;0
HY031;BOBINE BLANCHE 450 FORMATS;9;0
HY023;BTE 6 RLX ESSUIE TOUT;9;0
HY053;BTE 200 SERV.TABLE 39X39 ROUGE;9;0
HY051;BTE 300 SERV.TABLE 30X29 BLAN.;9;0
HY072;LINGETTES ANTI BACTERIEN.(100);9;0
U065;PANNEAU CARRE PARKING PMR;0;0
HY094;LOT DE 24 ETUIS DE 10 MOUCHOIRS 3 PLIS;9;0
HY159A;LOT DE 6 SAVONS MARSEILLE 100G;9;0
A042;MANCHE SIMPLE 24;1;0
HY1661L;NETTOYANT DEGRAIS.ALCALIN 1 L;9;0
U041;PANNEAU CARRE WC HOMMES ET FEMMES ;0;0
U039;PANNEAU CARRE WC HOMMES;0;0
U050;PANNEAU RECTANGULAIRE INFIRMERIE;0;0
U042;PANNEAU CARRE WC HOMMES PMR;0;0
HY149;GANT TYPE DOCKER T.U.;9;0
HY075;LINGETTES ANTI GRAFFITIS (70);9;0
HY073;LINGETTE DEGRAIS. (SEAU DE 70);9;0
U040;PANNEAU CARRE WC FEMMES;0;0
HY14914;GANT TRICOTE POLYUR.T.10 (2);9;0
HY002;CARTON 144 RLX PAPIER TOIL.192;9;0
HY156ASS;ENSEMBLE SAVON MAINS BACTERICIDE REMANENT 250 ML + POMPE;9;0
HY079;LAVETTE NON TISSEE A TROU (8);9;0
HY145;GANT VINYL T.8/9 (200);9;0
HY144;GANT VINYL T.7/8 (200);9;0
HY111;RECHANGE MICRO FIBRE NETT.HUM.;9;0
HY100;RECHANGE ACCROCHE MANCHES;9;0
HY150;SAVON GEL PERFORMANCE 5L;9;0
HY125;ESSOREUR ESPAGNOL A FRANGE;9;0
HY156;SAVON MAINS BACTER.500ML POMPE;9;0
HY126;SEAU ADAPTATEUR FRANGE ESPAGN.;9;0
HY14913;GANT TRICOTE POLYUR.T.8 (2);9;0
HY192;SURODOR.SPRAY 500ML PATCHOULI;9;0
HY202;RENOVATEUR A MECHE CITRON VERT;9;0
HY165;NETTOYANT DESINF.BACTER.5 L;9;0
HY185;PASTILLES LAVE VAISSELLE;9;0
HY260;POMPE BIDON BORNE OU JERRICAN;9;0
HY191;SURODOR.SPRAY 500ML JASMIN;9;0
HY179;ABSORBANT HYDROCARBURES 5L;9;0
HY212;AEROSOL SENTEUR COTON FLEURI 250 ML;9;0
HY160;DETERGENT DESIN.POMME VERTE 5L;9;0
HY219;DIFFUSEUR PROGRAMMABLE PARFUM;9;0
HY161;DETERGENT DES.POM.VERTE 750ML;9;0
HY162;DETERGENT DESINFEC.FLORAL 5L;9;0
HY163;DETERGENT DESIN.FLORAL 750 ML;9;0
HY240;EPONGE VEGETALE SACHET DE 4;9;0
HY170;LAVE GLACE CONCENTRE 5L;9;0
HY220;GEL DESTRUCTEUR D ODEUR POUR 70 M3;9;0
HY180;REPULSIF ANIMAUX 5L;9;0
HY177;SHAMPOOING AUTO 5L;9;0
HY290;SERVIETTE ANTI MOUSTIQUE (20);9;0
HY272;TROUSSE SECOURS 1 A 2 PERSONNE (L23 H19 P4.5);9;0
HY181;SAVON SOL A L'HUILE DE LIN 1L;9;0
HY282;PANSEMENT ADHESIF 6X2CM (30);9;0
HY291;MASQUE BOUCHE A BOUCHE;9;0
HY283;PANSEMENT ADHESIF 7.5X2 (20);9;0
HY254;NETTOYANT ECRAN PLASMA 500ML;9;0
U049;PANNEAU CARRE DEFIBRILLATEUR;0;0
HY281;PANSEMENT ADHESIF 4X2CM (30);9;1
HY251;DEPOUSSIERANT INFORMATIQUE AIR;9;0
HY233;BLOC CUVETTE WC CITRON (3);9;0
HY253;CHIFFONNET.NON TISSE BLEU (20);9;0
HY294;CISEAUX 10 CM BOUTS RONDS (2);9;0
HY278;COMPRESSE STERILE 20X20 (20);9;0
HY505;DISTRIB.MURAL BOB.ESSUY.EXTER.;9;0
HY600;DISTRIBUTEUR ECOCONCEPT 4L;9;0
HY279;ECHARPE TRIANGULAIRE 90X90X127;9;0
HY241;EPONGE GROS TRAVAUX (2);9;0
HY288;GEL STERILE BRULURE 3.5GR (10);9;0
HY295;PINCE A ECHARDES (2);9;0
HY252;PRODUIT NETTOYAGE INFORMATIQUE 500ML;9;0
HY297;POCHETTE GLACE INSTANTANEE (5);9;0
HY285;PULVERISATEUR CHLORHEXID. 50ML;9;0
HY286;SERVIETTE NET. DESINFECT (20);9;0
HY287;SERVIETTE BACTERICIDE GEL (20);9;0
HY289;SERVIETTE CALENDULA (20);9;0
HY280;SPARADRAP MICROP. 5MX2.5CM (4);9;0
HY249;TAMPON SUPER GRATTE ROUL.1000;9;0
HY248;TAMPON SUPER GRATTE ROUL.500;9;0
HY271;TROUSSE PREMIERS SECOURS (L27.5 H21 P12);9;0
HY234;ECRAN URINOIR PECHE (LOT DE 2);9;0
U048;PANNEAU CARRE EAU POTABLE;0;0
U059;PANNEAU RECTANGULAIRE INTERDICTION DE FUMER ET VAPOTER ;0;0
U060;PANNEAU ROND PASSAGE INTERDIT;0;0
U061;PANNEAU RECTANGULAIRE INTERDIT AU PUBLIC ;0;0
U062;PANNEAU RECTANGULAIRE CHANTIER INTERDIT AU PUBLIC ;0;0
U058;PANNEAU ROND INTERDICTION DE VAPOTER ;0;0
PPS20;PINCEAUX PLATS SOIE 20;1;0
PPN40;PINCEAUX PLATS NYLON 40;1;0
PPS30;PINCEAUX PLATS SOIE 30;1;0
PPS40;PINCEAUX PLATS SOIE 40;1;0
LJC05230;BOITE DE 100 PLANCHES 40 ETIQUET.52.5X29.7;7;0
PPS50;PINCEAUX PLATS SOIE 50;1;0
PRN29;PINCEAUX RONDS NYLON 29;1;0
HY292;COUVERTURE SURVIE ARGENT/DORE (2);9;0
HY298;TROUSSE DE SECOURS INDIVID.(L19 H16.5 P2);9;0
HY500;DIST.MAXI RLX ESSUIE-MAINS;9;0
HY504;DISTRIBUTEUR SUR PIED;9;0
HY293;EPINGLES DE SECURITE(12);9;0
HY296;LAVE OEIL UNIDOSE 20ML (5);9;0
HY604B;LOT 4 SAVONS MECA BEIGE 4L;9;0
HY604BV;LOT 2 SAVONS MECA  BEIGE + 2 VOLCANO 4L;9;0
HY604V;LOT 4 SAVONS MECA VOLCANO 4L;9;0
HY299;TROUSSE DE SECOURS SOUPLE (L19 H13.5 P3);9;0
U063;PANNEAU CARRE PARKING VISITEURS;0;0
POCH10;POCHETTES BULAIR BLANC 350X470;7;0
P002;SAC POUBELLE 50 L;5;0
LJC10570;BOITE DE 100 PLANCHES 8 ETIQUETTES 105X70;7;0
C005;PEAU DE CHAMOIS N°7;9;0
POCH8;POCHETTES BULAIR BLANC 270X360;7;0
A200;PELLE A NEIGE PLASTIQUE AVEC MANCHE;1;0
RACSOL45;RACLETTE SOL 45 CM;9;0
P033;SACS CONTAINERS 750 LITRES;5;0
P050;SAC POUBELLE JAUNE 100 L;5;0
POCH1;POCHETTES BULAIR BLANC 100X165;7;0
RAMACH;RAMETTE PAPIER A4 80GR CHAMOIS;7;0
PPS60;PINCEAUX PLATS SOIE 60;1;0
POCH7;POCHETTES BULAIR BLANC 240X340;7;0
PRAS40;PINCEAUX RADIATEUR SOIE 40;1;0
PPN50;PINCEAUX PLATS NYLON 50;1;0
PPS70;PINCEAUX PLATS SOIE 70;1;0
PPS100;PINCEAUX PLATS SOIE 100;1;0
PRS25;PINCEAUX RONDS SOIE 25;1;0
POCH3;POCHETTES BULAIR BLANC 150X210;7;0
POCH2;POCHETTES BULAIR BLANC 120X215;7;0
P031;SACS CONTAINERS 330 LITRES;5;0
POCH5;POCHETTES BULAIR BLANC 220X265;7;0
RAMABL;RAMETTE PAPIER A4 80GR BLEU;7;0
POCH6;POCHETTES BULAIR BLANC 220X340;7;0
PRR18;PINCEAUX A RECHAMPIR SOIE 18;1;0
A001;BALAI CANTONNIER ELASTON 30;1;0
PRR32;PINCEAUX A RECHAMPIR SOIE 32;1;0
SEAU10L;SEAU INDUSTRIEL 10L ANSE METAL;9;0
RACSOL55;RACLETTE SOL 55 CM S/MANCHE;9;0
RACVIT30;RACLETTE VITRE 30CM;9;0
U001;TAMPON COPIE;0;0
A204;PELLE DE CHANTIER SANS MANCHE;1;0
A136;BROSSE ALIMENTAIRE MEXIL;1;0
HY092;CARTON DE 10 BOITES DE 100 MOUCHOIRS;9;0
RACSOL75;RACLETTE SOL 75 CM S/MANCHE;9;0
PRS29;PINCEAUX RONDS SOIE 29;1;0
PRS32;PINCEAUX RONDS SOIE 32;1;0
PPN30;PINCEAUX PLATS NYLON 30;1;0
PRAS30;PINCEAUX RADIATEUR SOIE 30;1;0
RA55AL;RACLETTE ALIMENT.BLEU 55CM;9;0
RA45AL;RACLETTE ALIMENT.BLEU 45CM;9;0
SEAU13L;SEAU RENFORCE 13 LITRES A BEC ANSE INOX;9;0
SVC002;"STICKER ENTREPRISE ""NOUS SOUTENONS LE HANDICAP VISUEL""";7;0
U003;TAMPON RELANCE;0;0
TAPIS18;TAPIS BROSSE HAUTEUR 18;1;0
A172J;BALAI CANTO.POLYST.JAUNE 45CM;1;0
SVC005;"STICKER SERVICE PUBLIC ""NOUS SOUTENONS LE HANDICAP VISUEL""";7;0
U002;TAMPON RAPPEL;0;0
HY320;DESODORISANT LAVANDE;9;0
RAMAJO;RAMETTE PAPIER A4 80GR JONQUILLE;7;0
RAC100;RACLETTE SOL BOIS 1 METRE;9;0
F402;CUTTER 9 MM LOT DE 3;7;0
HY321;DESODORISANT CITRON;9;0
PELPLAST1;PELLE PLASTIQUE LUXE;1;0
F401;3 PAQUETS 10 LAMES CUTTER 18MM;7;0
RA70AL;RACLETTE ALIMENT.BLEU 70CM;9;0
RAMALI;RAMETTE PAPIER A4 80GR LILAS;7;0
HY001;CARTON 144 RLX PAPIER TOIL.200;9;0
F400;CUTTER 18 MM LOT DE 3;7;0
C060;SERPILLIERE MICRO FIBRE;9;0
F070;25 BOITES ARCHIVES DOS DE 80;7;0
ENV4R;ENVELOPPE RECYCLEE 80GR AVEC FENETRE 45X100MM;15;0
F069;FEUILLES REPOS. ASS. VIVES LOT DE 8 76X76;7;0
A170R;MANCHE FIBRE DE VERRE ROUGE;1;0
PELMETAL;PELLE METALLIQUE;1;0
PRR21;PINCEAUX A RECHAMPIR SOIE 21;1;0
PRR25;PINCEAUX A RECHAMPIR SOIE 25;1;0
PRR29;PINCEAUX A RECHAMPIR SOIE 29;1;0
F415;PERFORATRICE 2 TROUS ENV.20 FEUILLES COUL SELON APPRO;7;0
PRN27;PINCEAUX RONDS NYLON 27;1;0
A173R;BALAI FIBRE POLYEST.ROUGE 29CM;1;0
HY327;DESODORISANT REVE D'ORIENT;9;0
A202PM;BROSSE DECROTTOIR US. DOMESTIQUE 36X27CM;1;0
P029;SAC POUBELLE 10L;5;0
ENV5R;ENVELOPPE KRAFT RECYCLEE 90GR 162 X 229 MM;15;0
A190;RACLETTE BOIS PANS TRAPEZOIDAU;1;0
A044;VERGETTE COCO 28TR;1;0
PELMBOIS;PELLE METALLIQUE A MANCHE BOIS;1;0
HY324;DESODORISANT MANDARINE;9;0
XIDE;ARTICLE IDEES CADEAUX SPECIAL;16;0
A171R;BALAI CANTON. POLYES ROUGE 29;1;0
HY329ASS;ASSORTIMENT DESODORISANT 750 ML;9;0
A189;SUPPORT METAL BALAI CANTONNIER;1;0
C047ROU;TORCHON COTON ROULEAU ROUGE;4;0
A171V;BALAI CANT.POLYESTER VERT 29CM;1;0
A201;BALAI ELAST. DROIT BULDOZER 30;1;0
A173J;BALAI FIBRE POLYEST.JAUNE 29CM;1;0
LJC9993;BOITE DE 100 PLANCHES 6 ETIQUETTES 99.1X93.1;7;0
A202GM;BROSSE DECROTTOIR US. PROFESSIONNELLE 38.5X14CM;1;0
HY326;DESODORISANT FRUITS ROUGE;9;0
HY176;CREME A RECURER 1.3KG;9;0
ENV31;ENVELOPPE KRAFT 229X324 SOUFF.;7;0
HY175;DESINFECTANT NETTOY.1L SPRAY;9;0
ENV7;ENVELOPPE162X229 FENETRE BASSE;7;0
HY193;BIDON MECA VOLCANO 5L;9;0
ENV32;ENVELOPPE SOUFF BLANC.260X330;7;0
HY172BCE;GEL WC PIN COL INCLINE 750 ML ECOLO;15;0
B016V;LOT 16  SAVONS GEL MECA VOLCANO + 4 DISTRIBUTEURS 4L;17;0
B020B;LOT 20 SAVONS MECA BEIGE + 5 DISTRIBUTEURS 4L;17;0
B020BV;LOT 10 SAVONS MECA BEIGE + 10 VOLCANO + 5 DISTRIBUTEURS 4L;17;0
P055;SAC DEJECTION ANIMALE LIASSE DE 50;5;0
ENV8;ENVELOPPE BLANC 162X229;7;0
HY608BV;LOT 4 SAVONS MECA BEIGE + 4 VOLCANO 4L;9;0
D037;COFFRET ENCHANTEUR DUO;16;0
A175;BALAI RATEAU 35 cm;1;0
HY608V;LOT 8 SAVONS MECA VOLCANO 4L;9;0
HY612B;LOT 12 SAVONS MECA BEIGE 4L;9;0
F001;CAHIER PTS CARR.17X22 (5);7;0
A142;BALAI BRUYERE SYNT.AVEC MANCHE;1;0
A180;BALAI BULDOZER SUP.PLAST 32CM;1;0
HY612BV;LOT 6 SAVONS MECA BEIGE + 6 VOLCANO 4L;9;0
HY612V;LOT 12 SAVONS MECA VOLCANO 4L;9;0
HY616B;LOT 16 SAVONS MECA BEIGE 4L;9;0
HY616BV;LOT 8 SAVONS MECA BEIGE + 8 VOLCANO 4L;9;0
HY616V;LOT 16 SAVONS MECA VOLCANO 4L;9;0
RAMAVE;RAMETTE PAPIER A4 80GR VERT;7;0
D038;COFFRET ENCHANTEUR TRIO;16;0
F053;5 BLOCS A4 PTS CARR.AVEC COUV.;7;0
HY188;ETHYLOTEST JETABLE SACHET DE 2;9;0
F054;5 BLOCS A5 PTS CARR.AVEC COUV.;7;0
F149;50 CHEMISES CARTON.VERT EMERA.;7;0
F150;50 SOUS-CHEMISES VIOLET;7;0
A181;BALAI BULDOZER SUP.PLAST.55CM;1;0
HY187;SAVON NOIR (5KG);9;0
HY190;SURODOR.SPRAY 500ML PAMPLEMOU.;9;0
F191;MAXI INTERCALAIRE 12 TOUCHES;7;0
F231;3 CHEMIS.SANGLE TEXTILE BLEU;7;0
F182;CLASSEUR LEVIER BLEU DOS 75;7;0
A002;BALAI CANTONNIER PIASSAV 30;1;0
F241;CHEMISE EXTENSIBLE A VELCRO PVC BLEU CLAIR;7;0
F242;CHEMISE EXTENSIBLE A VELCRO PVC VERT CLAIR;7;0
C004;CHAMOISINES DOUBLES PM;9;0
F240;CHEMISE EXTENSIBLE A VELCRO PVC ROUGE;7;0
F180;CLASSEUR LEVIER JAUNE DOS 75;7;0
C003;LAVETTE GAUFFREE (3);9;0
F192;INTERCALAIRE POLYPRO 12 TOUCH.;7;0
F190;INTERCALAIRE 12 TOUCHES A4;7;0
A135;LAVE-PONT LORRAIN NYLON GM;1;0
HY620B;LOT 20 SAVONS MECA BEIGE 4L;9;0
HY620BV;LOT 10 SAVONS MECA BEIGE + 10 VOLCANO 4L;9;0
HY620V;LOT 20 SAVONS MECA VOLCANO 4L;9;0
HY624B;LOT 24 SAVONS MECA BEIGE 4L;9;0
HY186;PASTILLES LAVE LINGE POT DE 10;9;0
F160ASS;100 CHEMISES CARTONNEES ASSORT;7;0
F159;50 SOUS-CHEMISES VERT EMERAUDE;7;0
F171;CLASSEUR LEVIER ROUGE DOS 50;7;0
B004B;LOT 4  SAVONS GEL MECA BEIGE + 1 DISTRIBUTEUR 4L;17;0
HY624BV;LOT 12 SAVONS MECA BEIGE + 12 VOLCANO 4L;9;0
HY624V;LOT 24 SAVONS MECA VOLCANO 4L;9;0
B004BV;LOT 2 SAVONS MECA BEIGE + 2 VOLCANO + 1 DISTRIBUTEUR 4L;17;0
PPSASS;LOT DE 8 PINCEAUX PLATS;1;0
PRRASS;LOT DE 6 PINCEAUX RONDS A RECHAMPIR;1;0
A212;PELLE COLLECTIVITES;1;0
A211;PELLE AEROPORT;1;0
PRS21;PINCEAUX RONDS SOIE 21;1;0
B004V;LOT 4 SAVONS GEL MECA VOLCANO + 1 DISTRIBUTEUR 4L;17;0
PPS80;PINCEAUX PLATS SOIE 80;1;0
PRS18;PINCEAUX RONDS SOIE 18;1;0
PRSASS;LOT DE 6 PINCEAUX RONDS SUPER SOIE;1;0
K006;PLAQUE SIGNALETIQUE 150 x 150 MM - ESCALIER;14;0
F065;Z-NOTES BLOC DE 100 FEUILLES;7;0
F319ASS;LOT DE 20 STYLOS BILLE CRISTAL ASSORTIS;7;0
F082;LOT DE 100 FICHES BRISTOL - A4 BLANC SANS CARREAUX;7;0
F044;BRACELETS CROIX SACHET DE 500GR;7;1
P041;SAC POUB. GRIS 30 L;5;0
A210;PINCE DETRITUS L. 90 CM;1;0
F320;12 STYLOS ROLLER 0.7MM NOIR;7;0
F041;TROMBONNES ACIER NICKELE 25MM;7;0
F096;PORTE-REVUES PVC DOS DE 10 32X24 ROUGE;7;0
F045;BRACELETS CAOUTCHOUC 180X1.5MM;7;0
F091;CHEVALET DE CONFERENCE;7;0
F098;PORTE-REVUES PVC DOS DE 10 32X24 NOIR;7;0
F097;PORTE-REVUES PVC DOS DE 10 32X24 VERT;7;0
F095;PORTE-REVUES PVC DOS DE 10 32X24 BLEU;7;0
F043;PUNAISES 3 POINTS BOITE DE 100;7;0
F042;PUNAISES PUSH PINS SACHET DE 100;7;0
F090;RECHARGE PAPIER 70GR POUR CHEVALET LOT DE 50 FEUILLES;7;0
F040;TROMBONES 32 MM SACHET DE 1000;7;0
F021;LOT DE 4 SURLIGNEURS BLEUS;7;0
HY167;DETERGENT UNIVER.LAVANDE 5L;15;0
HY172BC;GEL WC PIN COL INCLINE 750ML;9;0
HY172;GEL WC AU PIN 1L;9;0
HY231;PASTILLE URINOIR 40 PASTILLES;9;0
HY152E;SAVON LIQUIDE MAINS ECOLOGIQUE 5 LITRES;15;0
OP060;25 POLOS BIO HOMME M NOIR IMPRIM. COEUR+DOS;81;1
F302;10 STYLOS BILLE A CLIC ROUGE;7;0
F099;PORTE-REVUES RIGIDE DOS DE 7,7 CM 25X24;7;0
TB008;25 GANTS TOIL. BIO 15X22CM 600G PECHE BRODES;80;0
F312;20 STYLOS BILLE CRISTAL ROUGE;7;0
HY243;LOT DE 4 EPONGES RECURANTES 150 X 95 X 25 MM;9;0
HY242;EPONGE RECURANTE (4);9;0
F035;10 PORTES MINES JETABLES;7;0
F072;25 BOITES ARCHIVES DOS DE 150;7;0
F073;10 BOITES ARCHIVES DOS DE 200;7;0
F130;10 CHEMISES SOUFFLET ASS.PAST.;7;0
F161ASS;100 SOUS CHEMISES 80G ASSORTIES;7;0
F251;10 CHEMISES 2 RABATS ROSE;7;0
F252;10 CHEMISES 2 RABATS BLEU;7;0
F253;10 CHEMISES 2 RABATS CANARI;7;0
F259ASS;10 CHEMISES 2 RABATS ASSORTIS;7;0
F300;10 STYLOS BILLE A CLIC NOIR;7;0
F301;10 STYLOS BILLE A CLIC BLEU;7;0
F311;20 STYLOS BILLE CRISTAL BLEU;7;0
D151;COFFRET SOUS LE SAPIN;16;0
F356;ENSEMBLE TABLEAU BLANC;7;0
F353;LOT DE 16 AIMANTS ASSORTIS 9 MM;7;0
C011PET;DRAP DE BAIN PETROLE;4;1
C043FUC;BAVOIR 30X50 FUCHSIA;4;1
C043GRI;BAVOIR 30X50 GRIS;4;1
C043TUR;BAVOIR 30X50 TURQUOISE;4;1
C044ANI;BAVOIR EPONGE 50X100 ANIS;4;1
F313;20 STYLOS BILLE CRISTAL VERT;7;0
F352;1 BROSSE MAGNETIQUE POUR TABLEAU BLANC;7;0
TB002;25 GANTS TOIL. BIO 15X22CM 600G BEIGE BRODES;80;0
F321;12 STYLOS ROLLER 0.7MM BLEU;7;0
LJC210148;BOITE DE 100 PLANCHES 2 ETIQUETTES 210X148.5;7;0
F322;12 STYLOS ROLLER 0.7MM ROUGE;7;0
F250;10 CHEMISES 2 RABATS VERT;7;0
F310;20 STYLOS BILLE CRISTAL NOIR;7;0
F421;10 DOSSIERS SUSP.TIROIR FD 15;7;0
F425;10 DOSSIERS SUSP.ARMOIRE V;7;0
TAPIS23;TAPIS DE BROSSE HTR 23;1;0
LJC210297;BOITE DE 100 PLANCHES 1 ETIQUETTE 210X297;7;0
TB001;GANT TOILETTE BIO 15X22CM 600G BEIGE;80;0
TB003;GANT TOILETTE BIO 15X22CM 600G LATTE;80;0
TB006;25 GANTS TOIL. BIO 15X22CM 600G BLEU MIN. BRODES;80;0
TB012;25 GANTS TOIL. BIO 15X22CM 600G BLEU ARG. BRODES;80;0
TB014;25 GANTS TOIL. BIO 15X22CM 600G CORAIL BRODES;80;0
TB016;25 GANTS TOIL. BIO 15X22CM 600G CREME BRODES;80;0
TB018;25 SERV. INV. BIO 30X50CM 600G BEIGE BRODEES;80;0
HY350;GOBELET CAFE 10 CL SACHET DE 80;9;1
HY351;GOBELET PLASTIQUE 18 CL SACHET DE 100;9;1
TB020;25 SERV. INV. BIO 30X50CM 600G LATTE BRODEES;80;0
TB022;25 SERV. INV. BIO 30X50CM 600G BLEU MIN. BRODEES;80;0
TB026;25 SERV. INV. BIO 30X50CM 600G VERT CL. BRODEES;80;0
TB028;25 SERV. INV. BIO 30X50CM 600G BLEU ARG. BRODEES;80;0
TB030;25 SERV. INV. BIO 30X50CM 600G CORAIL BRODEES;80;0
TB032;25 SERV. INV. BIO 30X50CM 600G CREME BRODEES;80;0
TB034;25 SERVIETTES BIO 50X100CM 600G BEIGE BRODEES;80;0
TB036;25 SERVIETTES BIO 50X100CM 600G LATTE BRODEES;80;0
TB038;25 SERVIETTES BIO 50X100CM 600G BLEU MIN. BRODEES;80;0
TB040;25 SERVIETTES BIO 50X100CM 600G PECHE BRODEES;80;0
TB042;25 SERVIETTES BIO 50X100CM 600G VERT CL. BRODEES;80;0
HY352;ASSIETTES PLASTIQUES LOT DE 100;9;1
HY353;AGITATEURS EN PLASTIQUE LOT DE 500;9;1
TB044;25 SERVIETTES BIO 50X100CM 600G BLEU ARG. BRODEES;80;0
TB046;25 SERVIETTES BIO 50X100CM 600G CORAIL BRODEES;80;0
TB048;25 SERVIETTES BIO 50X100CM 600G CREME BRODEES;80;0
TB052;25 DRAPS BAIN BIO 70X140CM 600G LATTE BRODES;80;0
TB054;25 DRAPS BAIN BIO 70X140CM 600G BLEU MIN. BRODES;80;0
TB056;25 DRAPS BAIN BIO 70X140CM 600G PECHE BRODES;80;0
TB058;25 DRAPS BAIN BIO 70X140CM 600G VERT CL. BRODES;80;0
TB060;25 DRAPS BAIN BIO 70X140CM 600G BLEU ARG. BRODES;80;0
TB062;25 DRAPS BAIN BIO 70X140CM 600G CORAIL BRODES;80;0
TB064;25 DRAPS BAIN BIO 70X140CM 600G CREME BRODES;80;0
TB066;25 DRAPS DOUCHE BIO 90X180CM 600G BEIGE BRODES;80;0
TB068;25 DRAPS DOUCHE BIO 90X180CM 600G LATTE BRODES;80;0
TB070;25 DRAPS DOUCHE BIO 90X180CM 600G BLEU MIN. BRODES;80;0
TB072;25 DRAPS DOUCHE BIO 90X180CM 600G PECHE BRODES;80;0
TB074;25 DRAPS DOUCHE BIO 90X180CM 600G VERT CL. BRODES;80;0
TB078;25 DRAPS DOUCHE BIO 90X180CM 600G CORAIL BRODES;80;0
TB080;25 DRAPS DOUCHE BIO 90X180CM 600G CREME BRODES;80;0
HY158;SAVONNETTE THE VERT 15GR (100);9;0
HY151TUB;GEL MICROBILLES TUBE DE 250GR;9;1
HY151KG;SAVON GEL MICROBILLES 1KG;9;1
HY151;SAVON GEL MICROBILLES 5L;9;1
OP079;10 CLES USB ROTATIVES ERABLE 32GO;81;0
OP038;25 POLOS BIO FEMME S BLANC IMPRIM. COEUR;81;1
OP039;25 POLOS BIO FEMME S BLANC IMPRIM. COEUR+DOS;81;1
OP080;100 CLES USB ROTATIVES ERABLE 32GO IMPRIMEES;81;0
OP081;10 CRAYONS PAPIER BOIS + GOMME;81;0
OP083;10 STYLOS PAPIER MAIS BIOD. ENCRE BLEUE;81;0
A005;BALAI COCO/BASSINE 29CM;1;0
OP041;25 POLOS BIO FEMME S NOIR IMPRIM. COEUR;81;1
OP042;25 POLOS BIO FEMME S NOIR IMPRIM. COEUR+DOS;81;1
OP050;25 POLOS BIO FEMME L BLANC IMPRIM. COEUR;81;1
OP051;25 POLOS BIO FEMME L BLANC IMPRIM. COEUR+DOS;81;1
OP053;25 POLOS BIO FEMME L NOIR IMPRIM. COEUR;81;1
OP054;25 POLOS BIO FEMME L NOIR IMPRIM. COEUR+DOS;81;1
OP056;25 POLOS BIO HOMME M BLANC IMPRIM. COEUR;81;1
OP057;25 POLOS BIO HOMME M BLANC IMPRIM. COEUR+DOS;81;1
OP062;25 POLOS BIO HOMME L BLANC IMPRIM. COEUR;81;1
OP063;25 POLOS BIO HOMME L BLANC IMPRIM. COEUR+DOS;81;1
OP065;25 POLOS BIO HOMME L NOIR IMPRIM. COEUR;81;1
OP066;25 POLOS BIO HOMME L NOIR IMPRIM. COEUR+DOS;81;1
OP068;25 POLOS BIO HOMME XL BLANC IMPRIM. COEUR;81;1
OP069;25 POLOS BIO HOMME XL BLANC IMPRIM. COEUR+DOS;81;1
OP071;25 POLOS BIO HOMME XL NOIR IMPRIM. COEUR;81;1
OP072;25 POLOS BIO HOMME XL NOIR IMPRIM. COEUR+DOS;81;1
OP074;25 PARAPL. POCHE PET/BAMBOU BLANC IMPRIMES;81;1
OP076;25 PARAPL. STAND. PET/BAMBOU BLANC IMPRIMES;81;1
F151;50 SOUS-CHEMISES OCRE;7;0
F210;6 POCHETTES COIN FENETRE VERT;7;0
HY103;ACCROCHE MANCHES 3;9;0
F111;6 CHEMISES 3 RABATS ELAS.ROUGE;7;0
F112;6 CHEMISES 3 RABATS ELAST.VERT;7;0
F058;3 BLOCS CUBE COULEUR 9X9X6;7;0
HY213;AEROSOL SENTEUR BOISEE MUSQUEE 250ML;9;0
HY143;GANT VINYL T.6/7 (200);9;0
F057;3 BLOCS CUBE BLANC 9X9X6;7;0
F120;3 CHEM.3 RBTS ELAS.POLYP.BLEU;7;0
F131;5 CHEMISES SOUFFLET ASS.VIVES;7;0
F140;50 CHEMISES CARTONNEES VIOLET;7;0
F141;50 CHEMISES CARTONNEES OCRE;7;0
F142;50 CHEMISES CARTONNEES GRIS;7;0
F143;50 CHEMISES CARTONNEES BLEU;7;0
XDIV;ARTICLE DIVERS;0;0
HYBESAFE2;PACK DE PROTECTION BE SAFE 2;9;0
F144;50 CHEMISES CARTONNEES JAUNE;7;0
F145;50 CHEMISES CARTONNEES ROSE;7;0
F146;50 CHEMISES CARTONNEES ROUGE;7;0
F147;50 CHEMISES CARTONNEES HAVANE;7;0
F148;50 CHEMISES CARTONN.FRAMBOISE;7;0
F152;50 SOUS-CHEMISES GRIS;7;0
F153;50 SOUS-CHEMISES BLEU;7;0
F154;50 SOUS-CHEMISES JAUNE;7;0
F155;50 SOUS-CHEMISES ROSE;7;0
F156;50 SOUS-CHEMISES ROUGE;7;0
F354;LOT DE 7 AIMANTS ASSORTIS 22 MM;7;0
F157;50 SOUS-CHEMISES HAVANE;7;0
F158;50 SOUS-CHEMISES FRAMBOISE;7;0
HY430;PANNEAU SOL GLISSANT;9;0
F200;6 POCHETTES DOCUMENTS BLEU;7;0
HY156B;SAVON MAIN BACTER 250ML RECHAR;9;0
F201;6 POCHETTES DOCUMENTS ROUGE;7;0
F211;6 POCHETTES COIN FENETRE ROSE;7;0
F212;6 POCHETTES COIN FENETRE JAUNE;7;0
F341;3 MARQUEURS PERMANENTS BLEU;7;0
F330;3 MARQUEURS EFFACABLES NOIR;7;0
F331;3 MARQUEURS EFFACABLES BLEU;7;0
HY155ASS;ENSEMBLE LIQUIDE MAINS AMANDE 250 ML + POMPE;15;0
HY155;SAVON MAINS AMANDE 500ML POM;15;0
HY155B;SAVON MAINS AMAN.RECHA.250ML;15;0
F332;3 MARQUEURS EFFACABLES ROUGE;7;0
F129ASS;3 CHEMISES 3 RABATS ELASTIQUE POLYPRO ASSORTIES;7;0
HY157;COFFRET 6 PAINS SAVONNETTE;9;0
OP006;25 T-SHIRTS BIO FEMME S NOIR IMPRIM. COEUR+DOS;81;1
F181;CLASSEUR LEVIER ROUGE DOS 75;7;0
A174C;BALAI POLYESTER CRISTAL;1;0
OP008;25 T-SHIRTS BIO FEMME M BLANC IMPRIM. COEUR;81;1
OP009;25 T-SHIRTS BIO FEMME M BLANC IMPRIM. COEUR+DOS;81;1
OP023;25 T-SHIRTS BIO HOMME M NOIR IMPRIM. COEUR;81;1
OP024;25 T-SHIRTS BIO HOMME M NOIR IMPRIM. COEUR+DOS;81;1
OP026;25 T-SHIRTS BIO HOMME L BLANC IMPRIM. COEUR;81;1
A173V;BALAI FIBRE POLYEST VERT 29CM;1;0
OP027;25 T-SHIRTS BIO HOMME L BLANC IMPRIM. COEUR+DOS;81;1
A174B;BALAI FIBRE POLYEST BLEU 38 CM;1;0
OP032;25 T-SHIRTS BIO HOMME XL BLANC IMPRIM. COEUR;81;1
OP033;25 T-SHIRTS BIO HOMME XL BLANC IMPRIM. COEUR+DOS;81;1
OP035;25 T-SHIRTS BIO HOMME XL NOIR IMPRIM. COEUR;81;1
OP036;25 T-SHIRTS BIO HOMME XL NOIR IMPRIM. COEUR+DOS;81;1
A199;PELLE A NEIGE ALU;1;0
A006;BALAI COCO 29;1;0
A046;BALAI CANT.ENROBAGE 40;1;0
A050;BALAI COCO/BASSINE 50;1;0
A051;BALAI COCO/BASSINE 40;1;0
A171B;BALAI CANTON. POLYES BLEU 29CM;1;0
A150;BALAI A PICOTS CAOUTCHOUC AVEC MANCHE;1;0
A171C;BALAI CANTONNIER POLYE.CRISTAL;1;0
A171J;BALAI CANTON POLYEST.JAUNE 29;1;0
A172R;BALAI CANT.POLYESTER ROUGE;1;0
A172V;BALAI CANTO.POLYESTER VERT 45;1;0
A130;BALAI CRIN 1/2 TETE PARISIEN;1;0
HY215;AEROSOL SENTEUR COCO/REGLISSE 250 ML;9;0
HY214;AEROSOL SENTEUR PAMPLEMOUSSE 250 ML;9;0
HY216;AEROSOL SENTEUR FRUITS ROUGES 250ML;9;0
A041;BALAI COUR BASSINE;1;0
A172B;BALAI CANTO.POLYESTER BLEU 45;1;0
A172C;BALAI CANTON POLY CRISTAL 45CM;1;0
A003;BALAI CRIN 100;1;0
A004;BALAI CRIN 60;1;0
A160;BALAI ELASTON ONDULE 80 CM;1;0
A161;BALAI CANT.ELASTON DROIT 80 CM;1;0
A162;BALAI CANTONNIER ENROBE 80 CM;1;0
HY189;AEROSOL ANTI-GIVRE 300ML;9;0
F013;CISEAUX LONGUEUR 21 CM;7;0
F014;ARRACHE-AGRAFES PINCE METALLIQUE;7;0
A009;BALAI COUR ELASTON ONDULE;1;0
A011;BALAI COCO/BASSINE 60;1;0
F432;CALCULATRICE DE POCHE 8 CHIFFRES;7;0
F433;CALCULATRICE GRAND FORMAT SOLAIRE - CADRAN 12 CHIFFRES;7;0
F430;TAPIS DE SOURIS ERGONOMIQUE NOIR;7;0
F429;RUBAN DE SIGNALISATION;7;0
F012;SACHET DE 1000 AGRAFES BEBE 8/4 LOT DE 5;7;0
A012;BALAI CRIN MEUNIER G.M.;1;0
A013;BALAI CRIN MEUNIER P.M.;1;0
F015;CISEAUX BOUT ROND LONGUEUR 17 CM;7;0
A014;BALAI BOULE WC PVC AV.SUPPORT;1;0
A015;BALAI COCO/BASSINE 40 ALSACIEN;1;0
A016;BALAI COCO 40 DROIT;1;0
A017;BALAI COCO 50;1;0
A018;BALAI COCO 40;1;0
A020;BALAI COCO-TAMPICO 29;1;0
A025;BALAI ELASTON ONDULE 60;1;0
A034;BALAI CRIN 80;1;0
A054;BALAI ELASTON ONDULE 100;1;0
HY110;NETTOYEUR HUMIDE COMPLET;9;0
HY038;BOBINE CHAMOIS 1000 FORMATS;9;0
HY137;LOT DE 100 GANTS NITRILES BLEU NON POUDRES - TAILLE XL;9;0
HY105;ACCROCHE MANCHES 5;9;0
A055;BALAI COCO/BASSINE 100;1;0
A056;BALAI ELASTON DROIT 60;1;0
HY238;INSECTICIDE POUR VOLANT 750 ML;9;0
A058;BALAI ELASTON DROIT 40;1;0
A062;BALAI ELASTON ONDULE 50;1;0
A063;BALAI ELASTON ONDULE 40;1;0
A065;BALAI CANT.ENROBAGE 60;1;0
A079;BALAI COUR HTR 8CM AVEC DOUILLE METALLIQUE;1;0
A143;BALAI COCO/BASSINE 80 CM;1;0
XPAP;ARTICLE SPECIAL PAPETERIE;7;0
XBRO;ARTICLE BROSSERIE SPECIAL;1;0
HY134;LOT DE 100 GANTS NITRILES BLEU NON POUDRES - TAILLE S;9;1
XSAC;ARTICLE SACS POUBELLE SPECIAL;5;0
HY136;LOT DE 100 GANTS NITRILES BLEU NON POUDRES - TAILLE L;9;0
HY135;LOT DE 100 GANTS NITRILES BLEU NON POUDRES - TAILLE M;9;0
XHYG;ARTICLE HYGIENE SPECIAL;9;0
OP052;POLO BIO FEMME L NOIR;81;1
U009;LOT DE 3 MARQUEURS PERMANENT POINTE OGIVE BLEU;0;0
D153;COFFRET TRADITIONS DE NOEL;16;0
HY276;BANDE EXTENSIBLE 3MX5M (6);9;0
HY277;BANDE EXTENSIBLE 3 M X 7 CM (4);9;0
A300;TAPIS 100 % MICROFIBRE 60 X 90 CM;1;0
U011;KIT DE SECURITE ROUTIERE ;0;0
A408;BALAYETTE INDUSTRIELLE COCO MANCHE 45CM;1;0
A405;BALAI INDUSTRIEL COCO 60CM;1;0
A403;BALAI INDUSTRIEL CANTONNIER MONTURE BOIS 80CM;1;0
A407;BALAI INDUSTRIEL COCO 100CM;1;0
A409;BALAYETTE INDUSTRIELLE COCO MANCHE 30CM;1;0
A402;BALAI INDUSTRIEL CANTONNIER MONTURE BOIS 60CM;1;0
A406;BALAI INDUSTRIEL COCO 80CM;1;0
A400;BALAI INDUSTRIEL PAILLE DE RIZ 5 FILS;1;0
U022;LOT DE 10 POCHETTES PERFOREES A SOUFFLET ET RABAT;0;0
A404;BALAI INDUSTRIEL COCO 29CM;1;0
A301;TAPIS 100% MICROFIBRE 90 X 150 CM;1;0
HY060;CART.10KG CHIFFONS COTON COUL.;9;0
HY091;CARTON 240 ETUIS 10 MOUCHOIRS;9;0
HY061;CARTON 10KG CHIFFONS COT.BLANC;9;0
HY032;BOBINE BLANCHE 1500 FORMATS;9;0
LJC07031;BOITE DE 100 PLANCHES 27 ETIQUETTES 70X31;7;0
U007;TAMPON LETTRE PRIORITAIRE;0;0
HY039;BOBINE BLEUE 1000 FORMATS;9;0
LJC05025;BOITE DE 100 PLANCHES 44 ETIQUETTES 50X25;7;0
LJC07037;BOITE DE 100 PLANCHES 24 ETIQUETTES 70X37;7;0
LJC07025;BOITE DE 100 PLANCHES 33 ETIQUETTES 70X25;7;0
LJC05134;BOITE DE 100 PLANCHES 32 ETIQUETTES 51X33.8;7;0
LJC07042;BOITE DE 100 PLANCHES 21 ETIQUETTES 70X41.5;7;0
LJC07035;BOITE DE 100 PLANCHES 24 ETIQUETTES 70X35;7;0
LJC105148;BOITE DE 100 PLANCHES 4 ETIQUETTES 105X148.5;7;0
U014;OTE AGRAFE DE BUREAU;0;0
U008;LOT DE 3 MARQUEURS PERMANENT POINTE OGIVE NOIR;0;0
U010;LOT DE 3 MARQUEURS PERMANENT POINTE OGIVE ROUGE;0;0
LJC10535;BOITE DE 100 PLANCHES 16 ETIQUETTES 105X35;7;0
U018;ENSEMBLE PELLE ET BALAYETTE;0;0
RAMARO;RAMETTE PAPIER A4 80GR ROSE;7;0
U006;TAMPON URGENT;0;0
LJC07049;BOITE DE 100 PLANCHES 18 ETIQUETTES 70X48.5;7;0
RACVITEP;RACLETTE VITRE CAOUTCHOUC 30 CM + EPONGE;9;0
CHEPL40;PROTEGE DOCUM.20 VUES LOT DE 4;7;0
U020;TRIEUR 6 COMPARTIMENTS;0;0
U015;ARMOIRE A CLES ;0;0
U019;NOTEBOOK CAHIER;0;0
CHEPL41;PROTEGE DOCUM.40 VUES LOT DE 4;7;0
U004;TAMPON ORIGINAL;0;0
U005;TAMPON PAYE;0;0
LJC6447;BOITE DE 100 PLANCHES 18 ETIQUET.63.5X46.6;7;0
LJC200144;BOITE DE 100 PLANCHES 2 ETIQUET.199.6X143.5;7;0
LJC10537;BOITE DE 100 PLANCHES 16 ETIQUETTES 105X37;7;0
LJC10548;BOITE DE 100 PLANCHES 12 ETIQUETTES 105X48;7;0
LJC6472;BOITE DE 100 PLANCHES 12 ETIQUETTES 63.5X72;7;0
LJC10542;BOITE DE 100 PLANCHES 14 ETIQUETTES 105X41.5;7;0
LJC9934;BOITE DE 100 PLANCHES 16 ETIQUET.99.1X33.9;7;0
LJC3229;BOITE DE 100 PLANCHES 60 ETIQUETTES 32X29;7;0
LJC10572;BOITE DE 100 PLANCHES 8 ETIQUETTES 105X72;7;0
U023;LOT DE 4 DISTRIBUTEURS MARQUE PAGES FLECHE;0;0
LJC7072;BOITE DE 100 PLANCHES 8 ETIQUET.70X71.9;7;0
U054;PANNEAU ROND CHAUSSURES DE SECURITE OBLIGATOIRES ;0;0
U024;LOT DE 3 SPRAYS DE NETTOYAGE POUR TABLEAUX BLANC ;0;0
CHEPL42;PROTEGE DOCUM.60 VUES LOT DE 4;7;0
RAMA3VE;RAMETTE PAPIER A3 VERT;7;0
RAMA3JO;RAMETTE PAPIER A3 JONQUILLE;7;0
LJC10557;BOITE DE 100 PLANCHES 10 ETIQUETTES 105X57;7;0
RAMA3BL;RAMETTE PAPIER A3 BLEU;7;0
LJC9938;BOITE DE 100 PLANCHES 14 ETIQUET.99.1X38.1;7;0
LJC99139;BOITE DE 100 PLANCHES 4 ETIQUETTES 99.1X139;7;0
LJC210099;BOITE DE 100 PLANCHES 3 ETIQUETTES 210X99;7;0
LJC9968;BOITE DE 100 PLANCHES 8 ETIQUETTES 99.1X67.7;7;0
RAMA3;RAMETTE PAPIER A3 BLANC;7;0
LJC6438;BOITE DE 100 PLANCHES 21 ETIQUET.63.5X38.1;7;0
RAMA3RO;RAMETTE PAPIER A3 ROSE;7;0
U066;LOT DE 250 SACS BIODEGRADABLES VERTS AVEC LIENS 20 L;0;0
LJC03518;BOITE DE 100 PLANCHES 96 ETIQUETTES 35X18;7;0
U044;PANNEAU CARRE SORTIE AVEC FLECHE;0;0
U046;PANNEAU RECTANGULAIRE SORTIE DE SECOURS GAUCHE ;0;0
RAMA3R;RAMETTE 500 FEUILLES A3 RECYCLE BLANC;15;0
U067;LOT DE 250 SACS BIODEGRADABLES VERTS AVEC LIENS 40L;0;0
U068;LOT DE 100 SACS BIODEGRADABLES VERTS SANS LIENS110L;0;0
B008V;LOT 8  SAVONS GEL MECA VOLCANO + 2 DISTRIBUTEURS 4L;17;0
B012B;LOT 12 SAVONS MECA BEIGE + 3 DISTRIBUTEURS 4L;17;0
B020V;LOT 20  SAVONS GEL MECA VOLCANO + 5 DISTRIBUTEURS 4L;17;0
U043;PANNEAU CARRE WC FEMMES PMR;0;0
HY201;RENOVATEUR A MECHE LAVANDE;9;0
D044;COFFRET CHOCOLATE;16;0
P012;SAC POUBELLE PLAST.ROUGE 50 L;5;0
P001;SAC POUBELLE 30 L;5;0
HY608B;LOT 8 SAVONS MECA BEIGE 4L;9;0
P004;SAC POUBELLE 110 L;5;0
P008;SAC JARDIN 110 L;5;0
P007;SAC JARDIN 100 L;5;0
P003;SAC POUBELLE 100 L;5;0
P006;SAC GRAVAT 50 L TRANS;5;0
HY200;RENOVATEUR A MECHE MARINE;9;0
U074;LOT DE100 GOBELETS EN CARTON BIODEGRADABLE 18CL;0;0
U051;PANNEAU CARRE POINT DE RASSEMBLEMENT;0;0
U052;PANNEAU ROND CASQUE OBLIGATOIRE;0;0
U053;PANNEAU ROND GANTS OBLIGATOIRES;0;0
HYBESAFE3;PACK DE PROTECTION BE SAFE 3;9;0
P025;SAC POUB.TRANSLUCIDE 130 L;5;0
HYBESAFE4;PACK DE PROTECTION BE SAFE 4;9;0
P011;SAC POUBELLE 150 L;5;0
P009;SAC JARDIN 130 L;5;0
P023;SAC POUB.TRANSLUCIDE 100 L;5;0
P013;SAC POUBELLE PLAST.ROUGE 100 L;5;0
P015;SAC POUBELLE PLAST.ROUGE 130 L;5;0
P016;SAC POUBELLE 20 L;5;0
P030;SAC POUBELLE 240 L GRIS;5;0
P022;SAC POUBELLE BLANC 5 L;5;0
P020;SAC TRANSLUCIDE 240 L;5;0
U075;LOT DE50 GOBELETS EN CARTON BIODEGRADABLE 24CL;0;0
U076;LOT DE 50 GOBELETS EN FIBRE VEGETALE BIO 26 CL;0;0
P019;SAC POUBELLE 200 L GRIS;5;0
P024;SAC POUB.TRANSLUCIDE 110 L;5;0
P021;SACS GRAVATS 100 L TRANS;5;0
P034;SACS CONTAINERS 1 000 LITRES;5;0
P032;SACS CONTAINERS 500 LITRES;5;0
P017;SAC POUBELLE 160 L;5;0
P052;SAC POUBELLE JAUNE 130 LITRES;5;0
A250;BROSSE POUR CLAVIER INFORMATIQ;9;0
P042;SAC POUB. 50 L GRIS;5;0
P005;SAC POUBELLE 130 L;5;0
TB010;25 GANTS TOIL. BIO 15X22CM 600G VERT CL. BRODES;80;0
TB024;25 SERV. INV. BIO 30X50CM 600G PECHE BRODEES;80;0
TB050;25 DRAPS BAIN BIO 70X140CM 600G BEIGE BRODES;80;0
TB076;25 DRAPS DOUCHE BIO 90X180CM 600G BLEU ARG. BRODES;80;0
OP061;POLO BIO HOMME L BLANC;81;1
OP031;T-SHIRT BIO HOMME XL BLANC;81;1
TB051;DRAP BAIN BIO 70X140CM 600G LATTE;80;0
OP059;25 POLOS BIO HOMME M NOIR IMPRIM. COEUR;81;1
XCOU;ARTICLE COUTURE SPECIAL;4;0
TB077;DRAP DOUCHE BIO 90X180CM 600G CORAIL;80;0
TB079;DRAP DOUCHE BIO 90X180CM 600G CREME;80;0
TB009;GANT TOILETTE BIO 15X22CM 600G VERT CL.;80;0
TB023;SERVIETTE INVITE BIO 30X50CM 600G PECHE;80;0
OP029;25 T-SHIRTS BIO HOMME L NOIR IMPRIM. COEUR;81;1
OP030;25 T-SHIRTS BIO HOMME L NOIR IMPRIM. COEUR+DOS;81;1
XECO;ARTICLE ECOLOGIQUE SPECIAL;15;0
XNOU;ARTICLE NOUVEAUX METIERS SPECIAL;14;0
D154;BOITE THEME NOEL;16;0
D152;COFFRET NOEL EN BIO 2020;16;1
HY154;SAVON MAINS BACTERICIDE 5L;9;0
F007;CAHIER SPIR.(5)PTS CAR.21X29.7;7;0
F008;CAHIER SPIR.21X297 GDS CAR.(5);7;0
A138;BROSSE ALIMENTAIRE NYLON;1;0
TABL2;TABLIER PLASTIQUE VERT LOT DE 50;9;0
TABL1;TABLIER PLASTIQUE BLANC LOT DE 50;9;0
C063;CHIFFON ELECTROSTATIQUE (2);9;0
TB025;SERVIETTE INVITE BIO 30X50CM 600G VERT CL.;80;0
A163;BALAYETTE PAILLE DE RIZ;1;0
C011GRI;DRAP DE BAIN GRIS;4;1
C013PET;GANT DE TOILETTE PETROLE;4;1
C010PET;SERVIETTE EPONGE PETROL;4;1
C035;COFFRET 2000;16;1
C026;COFFRET SINGLE;16;1
C011ANI;DRAP DE BAIN ANIS;4;1
C041ANT;DRAP DE DOUCHE 70X140 ANTHRACITE;4;1
C041ROY;DRAP DE DOUCHE 70X140 BLEU ROYAL;4;1
C028;COFFRET DUO;16;1
C027;COFFRET VOYAGE;16;1
C043ANI;BAVOIR 30X50 ANIS;4;1
C043ANT;BAVOIR 30X50 ANTHRACITE;4;1
C043BLE;BAVOIR 30X50 BLEU;4;1
C010BLA;SERVIETTE EPONGE BLANC;4;1
C010LIL;SERVIETTE EPONGE LILAS;4;1
C010TUR;SERVIETTE EPONGE TURQUOISE;4;1
C025ANT;SERVIETTE INVITE 30 X 50 ANTHRACITE;4;1
C025BLA;SERVIETTE INVITE 30 X 50 BLANC;4;1
C025PET;SERVIETTE INVITE 30 X 50 PETROLE;4;1
C025TUR;SERVIETTE INVITE 30 X 50 TURQUOISE;4;1
C015ANT;SERVIETTE ROUL 50X200 ANTHRACITE;4;1
C015BEI;SERVIETTE ROUL 50X200 BEIGE;4;1
C015BLE;SERVIETTE ROUL 50X200 BLEU;4;1
C042BOR;TAPIS DE BAIN BORDEAUX;4;1
HY065;MASQUE HYG.PAPIER BLANC (100);9;1
F410;5 STYLOS CORRECTEUR;7;0
HY036;BOBINE BLEU 1500 FORMATS;9;0
HY182;PASTILLE LAVE GLACE ETE (BOITE DE 2);9;1
HY012;PAQUET ESSUIE-MAINS GAUF.300F;9;1
HY074;LINGETTES INFORMATIQUES (100);9;1
HY204;RENOVATEUR A MECHE PECHE;9;1
D021;COFFRET AMBIANCE COTON 2019;16;1
D020;DOIGTS DE FEE 2019;16;1
D036;COFFRET DOUCEUR 2019;16;1
HY183;PASTILLE LAVE GLACE HIVER(BOITE DE 2);9;1
HY033;BOBINE CHAMOIS 450 FORMATS;9;1
C043BLA;BAVOIR 30X50 BLANC;4;1
C042PET;TAPIS DE BAIN PETROL;4;1
HY300;EAU DE COLOGNE NATURE 500ML;9;0
HY301;EAU DE COLOGNE LAVANDE 500ML;9;0
HY302;EAU DE COLOGNE FOUGERES 500ML;9;0
HY153;GEL AUTO SECHANT 200ML (2);9;0
K003;PLAQUE SIGNALETIQUE 150 x 150 MM - WC HOMMES / FEMMES;14;0
K004;PLAQUE SIGNALETIQUE 150 x 150 MM - WC HANDICAPES;14;0
K001;PLAQUE SIGNALETIQUE 150 x 150 MM - WC FEMMES;14;0
K002;PLAQUE SIGNALETIQUE 150 x 150 MM - WC HOMMES;14;0
K005;PLAQUE SIGNALETIQUE 150 x 150 MM - ASCENSEUR;14;0
U038;LOT DE 50 GOBELETS EN CARTON DE 20 CL;0;1
K008BLA;ROULEAU ADHESIF PVC TRANSLUCIDE (10M X 5CM) BLANC;14;0
K008BLE;ROULEAU ADHESIF PVC TRANSLUCIDE (10M X 5CM) BLEU;14;0
ZZ_HY009E;PAPIER TOILETTE 200 FEUILLES ECOLABEL;15;1
W093;STICKER ADHESIF DECOUPE 150 X 150 MM (ECHENILLAGE ET FACONNAGE);14;0
PELPLAST;PELLE PLASTIQUE;1;1
ZZ_C067;CARRE EPONGE 20X20 (3);9;1
ZZ_HY001;CARTON 144 RLX PAPIER TOIL.200;9;1
ZZ_HY002;CARTON 144 RLX PAPIER TOIL.192;9;1
A116;BROSSE BOULE WC PVC;1;1
A010;BALAI COCO 60;1;0
C036ROU;LOT DE 3 TORCHONS COTON ROUGE;4;0
C067;LOT DE 3 CARRES EPONGES 20 X 20CM ASSORTIS;9;0
F023;LOT DE 4 SURLIGNEURS JAUNES;7;0
F024ASS;LOT DE 4 SURLIGNEURS ASSORTIS;7;0
CHEPL10;PAQ.25 POCHET.PERFOR.OUV.COIN;7;0
CHEPL4;PAQU.15 CHEMISES PLAST.JAUNE;7;0
C076ASS;TORCHONS GAUFRES ASSORTIS LOT DE 3;4;0
C076BLE;TORCHONS GAUFRES BLEU LOT DE 3;4;0
C076ROU;TORCHONS GAUFRES ROUGE LOT DE 3;4;0
F050;5 BLOCS A4 PTS CARR.SANS COUV.;7;0
F010;BATON DE COLLE 21 GR LOT DE 4;7;0
F036;GOMME PLASTIQUE LOT DE 5;7;0
CHEPL1;PAQUET 15 CHEMISES PLASTIQUES INCOLORES;7;0
CHEPL11;PAQUET 25 POCHET.CRISTAL PERFO;7;0
CHEPL43;PROTEGE-DOCUMENTS 80 VUES, 40 POCHETTES LOT DE 4;7;0
CHEPL44;PROTEGE-DOCUMENTS 100 VUES, 50 POCHETTES LOT DE 4;7;0
F046;RUBANS ADHESIF INVIS.19X33 LOT DE 5;7;0
F417;TAILLE-CRAYON 2 USAGES AVEC POT;7;0
F409;TAILLE-CRAYON METAL 2 TROUS;7;0
F427;TABLEAU LIEGE CADRE BOIS 60X90;7;0
HY066;SURCHAUSSURES BLEUES LOT DE 50;9;0
F071;25 BOITES ARCHIVES DOS DE 100;7;0
F060;8 POST IT 76X127 JAUNE;7;0
F061;8 POST IT 76X76 JAUNE;7;0
F062;8 POST IT 38X51 JAUNE;7;0
F110;6 CHEMISES 3 RABATS ELAST.BLEU;7;0
F119ASS;6 CHEMISES 3 RABATS ELASTIQUE CARTE ASSORTIES;7;0
F179ASS;ASSORTIMENT DE 7 CLASSEURS A LEVIER DOS DE 50;7;0
F189ASS;ASSORTIMENT DE 7 CLASSEURS DOS DE 75;7;0
F128ASS;CHEMISE SANS RABAT AVEC ELASTIQ. CARTE LOT DE 6 ASS.;7;0
F184;CLASSEUR LEVIER NOIR DOS 75;7;0
F173;CLASSEUR LEVIER VERT DOS 50;7;0
F177;CLASSEUR LEVIER DOS DE 50 GRIS;7;0
F174;CLASSEUR LEVIER NOIR DOS 50;7;0
F176;CLASSEUR LEVIER FUSHIA DOS 50;7;0
F170;CLASSEUR LEVIER JAUNE DOS 50;7;0
F239ASS;LOT DE3 CHEMISES EXTENSIBLES A SANGLE TEXTILE ASS;7;0
F329ASS;LOT DE 12 STYLOS ROLLER 0.7 MM ASSORTIS;7;0
F339ASS;LOT DE 4 MARQUEURS EFFACABLES ASSORTIS;7;0
F349ASS;LOT DE 3 MARQUEURS PERMANENTS ASSORTIS;7;0
HY005;PAQU.24 RLX PAPIER TOILET.192;9;0
CHEPL9ASS;PAQU.15 CHEMISES PLAST.ASSORT.;7;0
HY004;PAQU.24 RLX PAPIER TOILET.200;9;0
CHEPL5;PAQU DE 15 CHEMISES PLAST VERT;7;0
F413;ROLLER CORRECTION JETABLE (2);7;0
F351;TABLEAU BLANC MAGNETIQUE CADRE ALU 60 X 90;7;0
F213;6 POCHETTES COIN FENETRE BLEU;7;0
F219ASS;6 POCHETTES COIN FENETRE ASSOR;7;0
F232;3 CHEMIS.SANGLE TEXTILE VERT;7;0
F333;3 MARQUEURS EFFACABLES VERTS;7;0
F342;3 MARQUEURS PERMANENTS ROUGE;7;0
F403;3 PAQUETS 10 LAMES CUTTER 9MM;7;0
F002;CAHIER GDS CARREAUX 17X22 (5);7;0
F003;CAHIER PTS CARR.21X29.7 (5);7;0
F004;CAHIER 21X29.7 GDS CARREA.(5);7;0
F005;CAHIER SPIR.PTS CARR.17X22 (5);7;0
F006;CAHIER SPIR.GDS CARR.17X22 (5);7;0
F305;STYLO 4 COULEURS  NF;7;0
F309ASS;LOT DE 12 STYLOS BILLE A CLIC;7;0
F020;LOT DE 4 SURLIGNEURS ROSES;7;0
F022;LOT DE 4 SURLIGNEURS VERTS;7;0
HY009E;PAPIER TOILETTE 200 FEUILLES ECOLABEL;15;0
CHEPL2;PAQUET 15 CHEMISES PLAST.BLEU;7;0
CHEPL20;PAQUET DE 5 CHEMISES 8 ONGLETS 235X320 MM;7;0
CHEPL3;PAQUET 15 CHEMISES PLAST.ROUGE;7;0
F230;3 CHEMIS.SANGLE TEXTILE ROUGE;7;0
F121;3 CHEM.3 RBTS ELAS.POLYP.ROUGE;7;0
F122;3 CHEM.3 RBTS ELAS.POLYP.VERT;7;0
F340;3 MARQUEURS PERMANENTS NOIR;7;0
HY008C;BOITE DE 9 PAQUETS DE 250 FEUILLES;9;0
HY008D;BOITE DE 36 PAQUETS DE 250 FEUILLES;9;0
F249ASS;CHEMISE EXTENSIBLE A VELCRO PVC ASSORTIS;7;0
RAMA 5;CARTON DE 5 RAMETTES A4;7;0
RAMA 5R;CARTON DE 5 RAMETTES A4 RECYCLEES;15;0
F125;CHEMISE SANS RABAT AVEC ELASTIQ. CARTE LOT DE 6 BLEU;7;0
F126;CHEMISE SANS RABAT AVEC ELASTIQ. CARTE LOT DE 6 ROUGE;7;0
F127;CHEMISE SANS RABAT AVEC ELASTIQUE CARTE LOT DE 6 VERT;7;0
F030;CRAYON AVEC GOMME LOT DE 10;7;0
F066;FEUILLES REPOSITION. ASS. PASTEL LOT DE 8 76X127;7;0
F068;FEUILLES REPOS.ASS. VIVES LOT DE 8 76X127;7;0
C076VER;TORCHONS GAUFRES VERT LOT DE 3;4;0
F067;FEUILLES REPOSITON. ASS. COUL. PASTEL LOT DE 8 76X76;7;1
U026;LOT DE 6 PILES ALCALINE LR06;0;0
U027;LOT DE 6 DEVIDOIRS ESCARGOTS;0;0
U028;LOT DE 10 STYLOS FEUTRES PAPER MATE NOIR;0;0
TB004;25 GANTS TOIL. BIO 15X22CM 600G LATTE BRODES;80;0
U029;LOT DE 10 STYLOS FEUTRES PAPER MATE BLEU;0;0
U030;LOT DE 10 STYLOS FEUTRES PAPER MATE ROUGE;0;0
U031;LOT DE 10 STYLOS FEUTRES PAPER MATE VERT;0;0
OP003;25 T-SHIRTS BIO FEMME S BLANC IMPRIM. COEUR+DOS;81;1
OP005;25 T-SHIRTS BIO FEMME S NOIR IMPRIM. COEUR;81;1
U070;BOITE DE 5000 AGITATEURS ECORESPONSABLES EN BOIS;0;0
U071;BOITE DE 250 PAILLES BIODEGRABLES EN PAPIER;0;0
B008B;LOT 8  SAVONS MECA BEIGE + 2 DISTRIBUTEURS 4L;17;0
B008BV;LOT 4 SAVONS MECA BEIGE + 4 VOLCANO + 2 DISTRIBUTEURS 4L;17;0
U037;LOT DE 20 PORTE CLES ;0;1
OP002;25 T-SHIRTS BIO FEMME S BLANC IMPRIM. COEUR;81;1
U077;LOT DE 50 ASSIETTES PLATES IVOIRE BIO 23 CM;0;0
HYBESAFE1;PACK DE PROTECTION BE SAFE 1;9;0
HY194;TUBE MECA VOLCANO 250ML;9;0
D150;COFFRET GOURMANDISES DE NOEL;16;0
D132;LOT DE 25 CARTES DE VOEUX FLOCON ;16;1
D130;LOT DE 25 CARTES DE VOEUX PAILLETTE  ;16;1
TB013;GANT TOILETTE BIO 15X22CM 600G CORAIL;80;0
B012V;LOT 12  SAVONS GEL MECA VOLCANO + 3 DISTRIBUTEURS 4L;17;0
B016B;LOT 16 SAVONS MECA BEIGE + 4 DISTRIBUTEURS 4L;17;0
TB017;SERVIETTE INVITE BIO 30X50CM 600G BEIGE;80;0
TB019;SERVIETTE INVITE BIO 30X50CM 600G LATTE;80;0
TB021;SERVIETTE INVITE BIO 30X50CM 600G BLEU MIN.;80;0
TB027;SERVIETTE INVITE BIO 30X50CM 600G BLEU ARG.;80;0
TB029;SERVIETTE INVITE BIO 30X50CM 600G CORAIL;80;0
TB031;SERVIETTE INVITE BIO 30X50CM 600G CREME;80;0
TB033;SERVIETTE BIO 50X100CM 600G BEIGE;80;0
TB035;SERVIETTE BIO 50X100CM 600G LATTE;80;0
TB037;SERVIETTE BIO 50X100CM 600G BLEU MIN.;80;0
TB039;SERVIETTE BIO 50X100CM 600G PECHE;80;0
TB041;SERVIETTE BIO 50X100CM 600G VERT CL.;80;0
TB043;SERVIETTE BIO 50X100CM 600G BLEU ARG.;80;0
TB045;SERVIETTE BIO 50X100CM 600G CORAIL;80;0
TB047;SERVIETTE BIO 50X100CM 600G CREME;80;0
TB053;DRAP BAIN BIO 70X140CM 600G BLEU MIN.;80;0
TB055;DRAP BAIN BIO 70X140CM 600G PECHE;80;0
TB057;DRAP BAIN BIO 70X140CM 600G VERT CL.;80;0
TB059;DRAP BAIN BIO 70X140CM 600G BLEU ARG.;80;0
TB061;DRAP BAIN BIO 70X140CM 600G CORAIL;80;0
TB063;DRAP BAIN BIO 70X140CM 600G CREME;80;0
TB065;DRAP DOUCHE BIO 90X180CM 600G BEIGE;80;0
TB067;DRAP DOUCHE BIO 90X180CM 600G LATTE;80;0
TB069;DRAP DOUCHE BIO 90X180CM 600G BLEU MIN.;80;0
TB071;DRAP DOUCHE BIO 90X180CM 600G PECHE;80;0
TB073;DRAP DOUCHE BIO 90X180CM 600G VERT CL.;80;0
TB075;DRAP DOUCHE BIO 90X180CM 600G BLEU ARG.;80;0
OP004;T-SHIRT BIO FEMME S NOIR;81;1
OP001;T-SHIRT BIO FEMME S BLANC;81;1
OP007;T-SHIRT BIO FEMME M BLANC;81;1
OP010;T-SHIRT BIO FEMME M NOIR;81;1
OP011;25 T-SHIRTS BIO FEMME M NOIR IMPRIM. COEUR;81;1
OP043;POLO BIO FEMME M BLANC;81;1
OP046;POLO BIO FEMME M NOIR;81;1
OP012;25 T-SHIRTS BIO FEMME M NOIR IMPRIM. COEUR+DOS;81;1
OP021;25 T-SHIRTS BIO HOMME M BLANC IMPRIM. COEUR+DOS;81;1
OP022;T-SHIRT BIO HOMME M NOIR;81;1
OP034;T-SHIRT BIO HOMME XL NOIR;81;1
OP037;POLO BIO FEMME S BLANC;81;1
OP040;POLO BIO FEMME S NOIR;81;1
K012NOI;ROULEAU ANTIDERAPANT ADHESIF NEZ DE MARCHE NOIR (10 M X 30 MM);14;1
OP025;T-SHIRT BIO HOMME L BLANC;81;1
OP016;T-SHIRT BIO FEMME L NOIR;81;1
OP017;25 T-SHIRTS BIO FEMME L NOIR IMPRIM. COEUR;81;1
OP028;T-SHIRT BIO HOMME L NOIR;81;1
OP013;T-SHIRT BIO FEMME L BLANC;81;1
K012BLA;ROULEAU ANTIDERAPANT ADHESIF NEZ DE MARCHE BLANC (10 M X 30 MM);14;1
OP049;POLO BIO FEMME L BLANC;81;1
OP077;10 MUGS BAMBOU/POLYP. 300 ML BLEU GRIS;81;1
OP082;500 CRAYONS PAP. BOIS + GOMME IMPRIMES;81;0
OP055;POLO BIO HOMME M BLANC;81;1
OP058;POLO BIO HOMME M NOIR;81;1
OP064;POLO BIO HOMME L NOIR;81;1
OP067;POLO BIO HOMME XL BLANC;81;1
OP070;POLO BIO HOMME XL NOIR;81;1
OP073;PARAPLUIE POCHE PET/BAMBOU BLANC;81;1
OP075;PARAPLUIE STANDARD PET/BAMBOU BLANC;81;1
OP084;500 STYLOS PAP. MAIS BIOD. ENCRE BLEUE IMPRIMES;81;0
OP014;25 T-SHIRTS BIO FEMME L BLANC IMPRIM. COEUR;81;1
K009;PLAQUE SIGNALETIQUE 150 x 150 MM - SONNETTE HANDICAPE;14;0
K008JAU;ROULEAU ADHESIF PVC TRANSLUCIDE (10M X 5CM) JAUNE;14;0
K008SAB;ROULEAU ADHESIF PVC TRANSLUCIDE (10M X 5CM) SABLE EFFET DEPOLI;14;0
D046;COFFRET DECOUVERTE 2019;16;1
D047;COFFRET DEGUSTATION 2019;16;1
D127;LOT DE 25 CARTES DE VOEUX   2019;16;1
D128;LOT DE 25 CARTES DE VOEUX  2019;16;1
D129;LOT DE 25 CARTES DE VOEUX 2019;16;1
D106;COFFRET ESCAPADE 2017;16;1
D105;COFFRET MARIUS 2019;16;1
K013BLA;BOBINE ADHESIF POUR CONTREMARCHE BLANC (10M X 10CM);14;1
K010GRI;DALLE PODOTACTILE D'EVEIL DE VIGILANCE (450 x 420 MM) GRIS;14;1
K018;PROFILE EN ALUMINIUM ANODISE NATUREL 1,5M X 38MM;14;1
K016;PULVERISATEUR AVEC LIQUIDE DE REPOSITIONNEMENT 500ML;14;1
K014;RACLETTE DE LISSAGE AVEC FEUTRINE;14;1
K015;RACLETTE DE LISSAGE AVEC FEUTRINE;14;1
K012GRI;ROULEAU ANTIDERAPANT ADHESIF NEZ DE MARCHE GRIS (10 M X 30 MM);14;1
A073;VERGETTE COC-BASSINE;1;0
OP015;25 T-SHIRTS BIO FEMME L BLANC IMPRIM. COEUR+DOS;81;1
A146;BROSSE A ONGLE NYLON PVC;1;0
A115;BROSSE BRASSERIE MEXYL AVEC MANCHE;1;0
A021;BALAYETTE CRIN NO 1;1;0
A022;BALAI RADIATEUR TRIPLE FACE CRIN;1;0
A029;BALAYETTE COCO 49 T;1;0
A066;BALAI PIASSAVA 40 CM;1;0
A069;BALAYETTE COCO/BASSINE;1;0
A019;BROSSE 5/52 MEXYL;1;0
A024;BROSSE NYLON VIOLON;1;0
A026;BROSSE BETAIL CRIN;1;0
A030;BROSSE LAVAGE NYLON FLEURE;1;0
A031;BROSSE BETAIL MEXYL;1;0
A040;BROSSE 5/52 CHIENDENT;1;0
A037;LAVE-PONT LORRAIN CHIENDENT;1;0
A074;LAVE-PONT LORRAIN NYLON;1;0
XOP;Lot de 25 t-shirts ou 25 polos (composition à préciser);81;0
SVC001;"MAIL ENTREPRISE ""NOUS SOUTENONS LE HANDICAP VISUEL""";7;0
SVC003;"POSTER A3 ENTREPRISE ""NOUS SOUTENONS LE HANDICAP VISUEL""";7;0
A098;BALAYETTE PVC NYLON;1;0
SVC006;"POSTER A3 SERVICE PUBLIC ""NOUS SOUTENONS LE HANDICAP VISUEL""";7;0
A157;VERGETTE ELASTON ONDULE 50 CM;1;0
A141;BALAI SOIE 30 CM;1;0
OP018;25 T-SHIRTS BIO FEMME L NOIR IMPRIM. COEUR+DOS;81;1
OP019;T-SHIRT BIO HOMME M BLANC;81;1
OP020;25 T-SHIRTS BIO HOMME M BLANC IMPRIM. COEUR;81;1
OP044;25 POLOS BIO FEMME M BLANC IMPRIM. COEUR;81;1
A075;BALAI COCO 1 M;1;0
A109;BALAI COCO 80;1;0
A144;BALAYETTE MEXYL;1;0
A112;BROSSE TETE DE LOUP CRIN;1;0
A113;BROSSE TETE DE LOUP NYLON;1;0
A114;BROSSE BRASSERIE NYLON AVEC MANCHE COURT;1;0
A140;BROSSE CHIRURGICALE ALIMENT;1;0
HY013;ESSUIE-MAINS ENCHEV.2X100 LISS;9;0
ENV28;ENVELOPPE 229X324 BLANC FENETRE;7;0
HY232;150 PASTILLES JAVEL (500 GR);9;0
OP047;25 POLOS BIO FEMME M NOIR IMPRIM. COEUR;81;1
HY239;INSECTICIDE POUR REMPANT 750ML;9;0
OP045;25 POLOS BIO FEMME M BLANC IMPRIM. COEUR+DOS;81;1
OP048;25 POLOS BIO FEMME M NOIR IMPRIM. COEUR+DOS;81;1
HY159;SAVON DE MARSEILLE 400GR;9;0
HY203;RENOVATEUR A MECHE FLEURI;9;1
LJC10539;BOITE DE 100 PLANCHES 14 ETIQUETTES 105X39;7;0
HY501;DISTRIBUTEUR POUR HY012/HY013;9;0
LJC210048;BOITE DE 100 PLANCHES 6 ETIQUETTES 210 X 48 MM;7;0
RAMA;RAMETTE PAPIER 500 FEUILLES A4;7;0
U016;CLE USB 8 GO;0;0
HY090;CARTON 40 BOITES 100 MOUCHOIRS;9;0
HY247;TAMPON SUPER GRATTE VERT (3);9;0
RAMAR;RAMETTE PAPIER 100% RECYCLE;15;0
A131;BALAI CANT.ENROBAGE 30;1;0
A401;BALAI INDUSTRIEL CANTONNIER MONTURE BOIS 40CM;1;0
P043;SACS POUB BIODEGRABLE 30L TRANSL 18 MICRONS;5;1
CBAIN;"LOT ""BAIN"" (1 DRAP BAIN + 1 SERV. INVIT. + 4 GANTS TOIL. + 1 SERV. + 1 TAPIS)";4;0
D039;COFFRET VOYAGE DES SENS 2019;16;1
ENV42;ENVELOPPE ELECTIONS BLEU  (copie);7;0
D131;LOT DE 25 CARTES DE VOEUX CRISTAL 2020;16;1
D041;COFFRET TEA TIME 2017;16;1
HY502;DISTRIB.2 RLX PAP.HYG.HY004/05;9;0
HY503;DISTRI.MAXI ROUL.(HY003+HY006);9;0
HY171E;DETERGENT VAISSELLE MAIN ECOLOGIQUE 5 litres;15;0
U013;DEVIDOIR DE BUREAU BLANC;0;0
U012;DEVIDOIR DE BUREAU NOIR;0;0
HY178;NETTOYANT JAVELLISE 5L;9;0
U017;DEVIDOIR PISTOLET;0;0
TB049;DRAP BAIN BIO 70X140CM 600G BEIGE;80;0
K010NOI;DALLE PODOTACTILE D'EVEIL DE VIGILANCE (450 X 420 MM) NOIR;14;1
HY174;DETERGENT VAISSELLE PARFUME 1L;15;0
HY325;DESODORISANT FLEUR BLANCHE;9;0
ENV18;ENVELOPPE KRAFT ARME SOUFFL.260X330;7;0
ENV14;ENVELOPPE BLANC ARME SOUFFL.229X324;7;0
ENV15;ENVELOPPE KRAFT 260X330;7;0
ENV20;ENVELOPPE BLANC ARME SOUFFL.260X330;7;0
ENV19;ENVELOPPE BLANC ARME 260X330;7;0
ENV9;ENVELOPPE KRAFT 229X324;7;0
ENV2;ENVELOPPE110X220 BLANC 80GR;7;0
ENV90;ENVELOPPE KRAFT ARME 280X410 SOUF 90;7;0
ENV11;ENVELOPPE KRAFT ARME 229X324;7;0
ENV17;ENVELOPPE KRAFT ARME 260X330;7;0
ENV21;ENVELOPPE KRAFT 275X365;7;0
ENV27;ENVELOPPE 229X324 KRAFT FENETRE;7;0
ENV45;ENVELOPPE ELECTIONS ROSE ;7;0
ENV40;ENVELOPPE ELECTIONS BLANCHE ;7;0
ENV41;ENVELOPPE ELECTIONS BULLE ;7;0
ENV43;ENVELOPPE ELECTIONS JAUNE;7;0
ENV16;ENVELOPPE BLANC 260X330;7;0
ENV10;ENVELOPPE BLANCHES 229X324;7;0
ENV12;ENVELOPPE KRAFT ARME SOUFFL.229X324;7;0
ENV6;ENVELOPPE BLANCHES 162X229;7;0
HY303;EAU DE COLOGNE CHEVREFEU.500ML;9;0
HY310;EAU DE COLOGNE NATURE 125ML;9;0
HY311;EAU DE COLOGNE LAVANDE 125ML;9;0
HY312;EAU DE COLOGNE FOUGERES 125ML;9;0
HY313;EAU DE COLOGNE CHEVREFEU.125ML;9;0
ENV1;ENVELOPPE 114X162 BLANC 80GR;7;0
TB005;GANT TOILETTE BIO 15X22CM 600G BLEU MIN.;80;0
TB007;GANT TOILETTE BIO 15X22CM 600G PECHE;80;0
TB015;GANT TOILETTE BIO 15X22CM 600G CREME;80;0
ENV5;ENVELOPPE KRAFT 162X229;7;0
ENV4;ENVELOPPE 110X220 FENE.45X100;7;0
ENV3;ENVELOPPE 110X220 FENE.35X100;7;0
C044ANT;BAVOIR EPONGE 50X100 ANTHRACITE;4;1
HY148;GANT LATEX MENAGE T.L;9;0
HY142;GANT LATEX T.8/9 (200);9;0
HY141;GANT LATEX T.7/8 (200);9;0
HY14912;GANT ENDUIT NITRILE T.10 (2);9;0
HY140;GANT LATEX T.6/7 (200);9;0
HY147;GANT LATEX MENAGE T.M;9;0
POCH4;POCHETTES BULAIR BLANC 180X265;7;0
C025BLE;SERVIETTE INVITE 30 X 50 BLEU;4;1
C025CHO;SERVIETTE INVITE 30 X 50 CHOCOLAT;4;1
F186;CLASSEUR LEVIER FUSHIA DOS 75;7;0
POCH9;POCHETTES BULAIR BLANC 300X440;7;0
C044BLE;BAVOIR EPONGE 50X100 BLEU;4;1
C044FUC;BAVOIR EPONGE 50X100 FUCHSIA;4;1
C044TUR;BAVOIR EPONGE 50X100 TURQUOISE;4;1
TB011;GANT TOILETTE BIO 15X22CM 600G BLEU ARG.;80;0
B024B;LOT 24 SAVONS MECA BEIGE + 6 DISTRIBUTEURS 4L;17;0
B024BV;LOT 12 SAVONS MECA BEIGE + 12 VOLCANO + 6 DISTRIBUTEURS 4L;17;0
B024V;LOT 24 SAVONS GEL MECA VOLCANO + 6 DISTRIBUTEURS 4L;17;0
B012BV;LOT 6 SAVONS MECA BEIGE + 6 VOLCANO + 3 DISTRIBUTEURS 4L;17;0
B016BV;LOT 8 SAVONS MECA BEIGE + 8 VOLCANO + 4 DISTRIBUTEURS 4L;17;0
C015ROY;SERVIETTE ROUL 50X200 BLEU ROYAL;4;1
C015BOR;SERVIETTE ROUL 50X200 BORDEAUX;4;1
C015CHO;SERVIETTE ROUL 50X200 CHOCOLAT;4;1
C015TUR;SERVIETTE ROUL 50X200 TURQUOISE;4;1
C015VIO;SERVIETTE ROUL 50X200 VIOLET;4;1
C017CHO;SERVIETTE ROUL 50X300 CHOCOLAT;4;1
HY077;ETUI 16 LINGETTES PARE BRISE;9;1
